<?xml version="1.0" encoding="utf-8"?>
<extension
	type="module"
	version="3.0"
	client="site"
	method="upgrade">
	<name>mod_ftt_thismonth</name>
	<author>Family TreeTop</author>
	<creationDate>February 2013</creationDate>
	<copyright>Copyright (C) All rights reserved.</copyright>
	<license></license>
	<authorEmail>admin@familytreetop.org</authorEmail>
	<authorUrl>www.familytreetop.com</authorUrl>
	<version>3.0.0</version>
	<description>MOD_FTT_THISMONTH_XML_DESCRIPTION</description>
	<files>
		<filename module="mod_ftt_thismonth">mod_ftt_thismonth.php</filename>
		<folder>tmpl</folder>
		<filename>helper.php</filename>
		<filename>index.html</filename>		
        <filename>mod_ftt_thismonth.xml</filename>
	</files>
	<languages>
		<language tag="en-GB">en-GB.mod_ftt_thismonth.ini</language>
		<language tag="en-GB">en-GB.mod_ftt_thismonth.sys.ini</language>
	</languages>
</extension>
