<update>
    <files>  
    	<administrator>
            <components>
            	<file>com_foobla_suggestions/assets/css/themes.css</file>
            	<file>com_foobla_suggestions/assets/js/colordialog.js</file>
            	<file>com_foobla_suggestions/assets/js/colorpicker.js</file>
            	<file>com_foobla_suggestions/assets/js/themes.js</file>
                <file>com_foobla_suggestions/controllers/themes.php</file>
                <file>com_foobla_suggestions/helpers/themes.php</file>	
                <file>com_foobla_suggestions/models/themes.php</file>
                <file>com_foobla_suggestions/views/themes/view.php</file>
                <file>com_foobla_suggestions/views/themes/tmpl/default.php</file>									
            </components>
        </administrator>      
        <components>        
        	<file>com_foobla_suggestions/assets/js/default.js</file>     
            <file>com_foobla_suggestions/controllers/activity.php</file>
            <file>com_foobla_suggestions/controllers/default.php</file>
            <file>com_foobla_suggestions/controllers/comment.php</file>
            <file>com_foobla_suggestions/controllers/idea.php</file>
            <file>com_foobla_suggestions/views/activity/view.php</file>
			<file>com_foobla_suggestions/views/comment/view.php</file>
			<file>com_foobla_suggestions/views/comment/tmpl/default_comment.php</file>
			<file>com_foobla_suggestions/views/idea/view.php</file>
            <file>com_foobla_suggestions/views/idea/tmpl/default_ideas.php</file>
            <file>com_foobla_suggestions/helper/libs.php</file> 
            
            <file>com_foobla_suggestions/themes/default/schema_default/default.css</file>    
            <file>com_foobla_suggestions/themes/config.inf</file>
			<file>com_foobla_suggestions/themes/default/default_box.php</file>
            <file>com_foobla_suggestions/themes/default/preview.xml</file>
            <file>com_foobla_suggestions/themes/default/style.css</file>                                  
        </components>
    </files>    
</update>